{"cameraMode":{"drawMode":0,"name":"Shaded","section":"Shading Mode"},"sceneLighting":true,"audioPlay":false,"sceneViewState":{"m_AlwaysRefresh":false,"showFog":true,"showSkybox":true,"showFlares":true,"showImageEffects":true,"showParticleSystems":true,"showVisualEffectGraphs":true,"m_FxEnabled":true},"in2DMode":false,"pivot":{"x":5.505622863769531,"y":-1.3628867864608765,"z":16.64164161682129},"rotation":{"x":0.20257405936717988,"y":0.011750901117920876,"z":-0.0024310736916959287,"w":0.9791964888572693},"size":23.895889282226564,"orthographic":true}