{"cameraMode":{"drawMode":0,"name":"Shaded","section":"Shading Mode"},"sceneLighting":true,"audioPlay":false,"sceneViewState":{"m_AlwaysRefresh":false,"showFog":true,"showSkybox":true,"showFlares":true,"showImageEffects":true,"showParticleSystems":true,"showVisualEffectGraphs":true,"m_FxEnabled":true},"in2DMode":false,"pivot":{"x":0.21569395065307618,"y":1.2560815811157227,"z":4.246622085571289},"rotation":{"x":0.14207805693149568,"y":-0.6290007829666138,"z":0.11838437616825104,"w":0.7551373839378357},"size":3.975940704345703,"orthographic":false}