{"cameraMode":{"drawMode":0,"name":"Shaded","section":"Shading Mode"},"sceneLighting":true,"audioPlay":false,"sceneViewState":{"m_AlwaysRefresh":false,"showFog":true,"showSkybox":true,"showFlares":true,"showImageEffects":true,"showParticleSystems":true,"showVisualEffectGraphs":true,"m_FxEnabled":true},"in2DMode":false,"pivot":{"x":2.1009438037872316,"y":14.304908752441407,"z":-2.1952764987945558},"rotation":{"x":0.7248086333274841,"y":-0.011365503072738648,"z":0.011960539035499096,"w":0.6887543797492981},"size":11.198286056518555,"orthographic":false}